subject,image_i,image_j,doctor_i,doctor_j,try_i,try_j,same_doctor,same_try,dice,iou,pixels_i,pixels_j,doctor_pair,try_pair
S05,S05-B-2.bmp,S05-B-3.bmp,B,B,2,3,True,False,0.71560204,0.5571498055551678,4079,2324,B-B,2-3
S05,S05-B-2.bmp,S05-C-1.bmp,B,C,2,1,False,False,0.21939394,0.12321307031467821,4079,871,B-C,1-2
S05,S05-B-2.bmp,S05-C-2.bmp,B,C,2,2,False,True,0.17137924,0.09372049124321989,4079,554,B-C,2-2
S05,S05-B-2.bmp,S05-C-3.bmp,B,C,2,3,False,False,0.18604651,0.10256410277521427,4079,608,B-C,2-3
S05,S05-B-2.bmp,S05-D-1.bmp,B,D,2,1,False,False,0.13871777,0.07452807083242755,4079,304,B-D,1-2
S05,S05-B-2.bmp,S05-D-2.bmp,B,D,2,2,False,True,0.16182484,0.08803558906859386,4079,568,B-D,2-2
S05,S05-B-2.bmp,S05-D-3.bmp,B,D,2,3,False,False,1.866368e-10,1.8663680474306889e-10,4079,1279,B-D,2-3
S05,S05-B-3.bmp,S05-C-1.bmp,B,C,3,1,False,False,0.30485132,0.17983751876667745,2324,871,B-C,1-3
S05,S05-B-3.bmp,S05-C-2.bmp,B,C,3,2,False,False,0.23766504,0.13485804450518216,2324,554,B-C,2-3
S05,S05-B-3.bmp,S05-C-3.bmp,B,C,3,3,False,True,0.26193723,0.15070643675403986,2324,608,B-C,3-3
S05,S05-B-3.bmp,S05-D-1.bmp,B,D,3,1,False,False,0.23135464,0.130808950460065,2324,304,B-D,1-3
S05,S05-B-3.bmp,S05-D-2.bmp,B,D,3,2,False,False,0.25311205,0.144893111977477,2324,568,B-D,2-3
S05,S05-B-3.bmp,S05-D-3.bmp,B,D,3,3,False,True,2.7754649e-10,2.775464889598816e-10,2324,1279,B-D,3-3
S05,S05-C-1.bmp,S05-C-2.bmp,C,C,1,2,True,False,0.7719298,0.6285714289959183,871,554,C-C,1-2
S05,S05-C-1.bmp,S05-C-3.bmp,C,C,1,3,True,False,0.8221772,0.6980482207829527,871,608,C-C,1-3
S05,S05-C-1.bmp,S05-D-1.bmp,C,D,1,1,False,True,8.5106383e-10,8.510638290629243e-10,871,304,C-D,1-1
S05,S05-C-1.bmp,S05-D-2.bmp,C,D,1,2,False,False,0.72689366,0.5709606991583398,871,568,C-D,1-2
S05,S05-C-1.bmp,S05-D-3.bmp,C,D,1,3,False,False,4.6511628e-10,4.6511627885343427e-10,871,1279,C-D,1-3
S05,S05-C-2.bmp,S05-C-3.bmp,C,C,2,3,True,False,0.9414802,0.8894308944887303,554,608,C-C,2-3
S05,S05-C-2.bmp,S05-D-1.bmp,C,D,2,1,False,False,1.1655011e-09,1.1655011641427725e-09,554,304,C-D,1-2
S05,S05-C-2.bmp,S05-D-2.bmp,C,D,2,2,False,True,0.60249555,0.43112244970520097,554,568,C-D,2-2
S05,S05-C-2.bmp,S05-D-3.bmp,C,D,2,3,False,False,5.455537e-10,5.455537367454698e-10,554,1279,C-D,2-3
S05,S05-C-3.bmp,S05-D-1.bmp,C,D,3,1,False,False,1.0964912e-09,1.0964912268678824e-09,608,304,C-D,1-3
S05,S05-C-3.bmp,S05-D-2.bmp,C,D,3,2,False,False,0.66156465,0.4942820845053595,608,568,C-D,2-3
S05,S05-C-3.bmp,S05-D-3.bmp,C,D,3,3,False,True,5.299417e-10,5.299417061314564e-10,608,1279,C-D,3-3
S05,S05-D-1.bmp,S05-D-2.bmp,D,D,1,2,True,False,1.146789e-09,1.146788989510563e-09,304,568,D-D,1-2
S05,S05-D-1.bmp,S05-D-3.bmp,D,D,1,3,True,False,6.3171196e-10,6.317119389565938e-10,304,1279,D-D,1-3
S05,S05-D-2.bmp,S05-D-3.bmp,D,D,2,3,True,False,5.414185e-10,5.414185162201307e-10,568,1279,D-D,2-3
S06,S06-A-1.bmp,S06-A-2.bmp,A,A,1,2,True,False,0.10393552,0.05481644502802676,9837,708,A-A,1-2
S06,S06-A-1.bmp,S06-A-3.bmp,A,A,1,3,True,False,0.11738608,0.062352710225613436,9837,982,A-A,1-3
S06,S06-A-1.bmp,S06-B-1.bmp,A,B,1,1,False,True,0.055311248,0.02844221115292038,9837,396,A-B,1-1
S06,S06-A-1.bmp,S06-B-2.bmp,A,B,1,2,False,False,0.15267606,0.08264714861414586,9837,813,A-B,1-2
S06,S06-A-1.bmp,S06-B-3.bmp,A,B,1,3,False,False,0.16336818,0.08894988318705399,9837,875,A-B,1-3
S06,S06-A-1.bmp,S06-C-1.bmp,A,C,1,1,False,True,0.038484547,0.019619802885064572,9837,193,A-C,1-1
S06,S06-A-1.bmp,S06-C-2.bmp,A,C,1,2,False,False,0.06205674,0.032021958012399925,9837,315,A-C,1-2
S06,S06-A-1.bmp,S06-C-3.bmp,A,C,1,3,False,False,0.06586709,0.034055098197209,9837,335,A-C,1-3
S06,S06-A-1.bmp,S06-D-1.bmp,A,D,1,1,False,True,0.06855815,0.03549583886137613,9837,490,A-D,1-1
S06,S06-A-1.bmp,S06-D-3.bmp,A,D,1,3,False,False,0.054268826,0.0278912243223537,9837,482,A-D,1-3
S06,S06-A-2.bmp,S06-A-3.bmp,A,A,2,3,True,False,0.7775148,0.6360116170028929,708,982,A-A,2-3
S06,S06-A-2.bmp,S06-B-1.bmp,A,B,2,1,False,False,0.1268116,0.06769826008926666,708,396,A-B,1-2
S06,S06-A-2.bmp,S06-B-2.bmp,A,B,2,2,False,True,0.36028928,0.21972734625523066,708,813,A-B,2-2
S06,S06-A-2.bmp,S06-B-3.bmp,A,B,2,3,False,False,0.3436513,0.20747521036805855,708,875,A-B,2-3
S06,S06-A-2.bmp,S06-C-1.bmp,A,C,2,1,False,False,0.06659268,0.03444316988008821,708,193,A-C,1-2
S06,S06-A-2.bmp,S06-C-2.bmp,A,C,2,2,False,True,0.025415447,0.012871288106068031,708,315,A-C,2-2
S06,S06-A-2.bmp,S06-C-3.bmp,A,C,2,3,False,False,0.02684564,0.01360544313546604,708,335,A-C,2-3
S06,S06-A-2.bmp,S06-D-1.bmp,A,D,2,1,False,False,8.347245e-10,8.347245402047373e-10,708,490,A-D,1-2
S06,S06-A-2.bmp,S06-D-3.bmp,A,D,2,3,False,False,8.4033613e-10,8.403361337476166e-10,708,482,A-D,2-3
S06,S06-A-3.bmp,S06-B-1.bmp,A,B,3,1,False,False,0.18867925,0.10416666738448183,982,396,A-B,1-3
S06,S06-A-3.bmp,S06-B-2.bmp,A,B,3,2,False,False,0.4033426,0.2526168881698416,982,813,A-B,2-3
S06,S06-A-3.bmp,S06-B-3.bmp,A,B,3,3,False,True,0.36941302,0.22655218016740278,982,875,A-B,3-3
S06,S06-A-3.bmp,S06-C-1.bmp,A,C,3,1,False,False,0.15659575,0.08494921598804318,982,193,A-C,1-3
S06,S06-A-3.bmp,S06-C-2.bmp,A,C,3,2,False,False,0.13261372,0.07101569027992097,982,315,A-C,2-3
S06,S06-A-3.bmp,S06-C-3.bmp,A,C,3,3,False,True,0.13971147,0.07510204157134526,982,335,A-C,3-3
S06,S06-A-3.bmp,S06-D-1.bmp,A,D,3,1,False,False,6.793478e-10,6.79347825625443e-10,982,490,A-D,1-3
S06,S06-A-3.bmp,S06-D-3.bmp,A,D,3,3,False,True,6.830601e-10,6.830601088230463e-10,982,482,A-D,3-3
S06,S06-B-1.bmp,S06-B-2.bmp,B,B,1,2,True,False,0.38709676,0.2400000007794872,396,813,B-B,1-2
S06,S06-B-1.bmp,S06-B-3.bmp,B,B,1,3,True,False,0.2848151,0.16605504663664672,396,875,B-B,1-3
S06,S06-B-1.bmp,S06-C-1.bmp,B,C,1,1,False,True,0.054329373,0.02792321286575356,396,193,B-C,1-1
S06,S06-B-1.bmp,S06-C-2.bmp,B,C,1,2,False,False,0.24472573,0.1394230783022066,396,315,B-C,1-2
S06,S06-B-1.bmp,S06-C-3.bmp,B,C,1,3,False,False,0.1751026,0.09595202534340026,396,335,B-C,1-3
S06,S06-B-1.bmp,S06-D-1.bmp,B,D,1,1,False,True,1.1286682e-09,1.1286681702836701e-09,396,490,B-D,1-1
S06,S06-B-1.bmp,S06-D-3.bmp,B,D,1,3,False,False,1.1389522e-09,1.1389521627118996e-09,396,482,B-D,1-3
S06,S06-B-2.bmp,S06-B-3.bmp,B,B,2,3,True,False,0.8779621,0.7824709611589535,813,875,B-B,2-3
S06,S06-B-2.bmp,S06-C-1.bmp,B,C,2,1,False,False,0.3836978,0.237392374861756,813,193,B-C,1-2
S06,S06-B-2.bmp,S06-C-2.bmp,B,C,2,2,False,True,0.53723407,0.3672727280396694,813,315,B-C,2-2
S06,S06-B-2.bmp,S06-C-3.bmp,B,C,2,3,False,False,0.5017422,0.33488372170362357,813,335,B-C,2-3
S06,S06-B-2.bmp,S06-D-1.bmp,B,D,2,1,False,False,7.674597e-10,7.674597077763163e-10,813,490,B-D,1-2
S06,S06-B-2.bmp,S06-D-3.bmp,B,D,2,3,False,False,7.7220075e-10,7.722007716044781e-10,813,482,B-D,2-3
S06,S06-B-3.bmp,S06-C-1.bmp,B,C,3,1,False,False,0.36142322,0.22057142946220407,875,193,B-C,1-3
S06,S06-B-3.bmp,S06-C-2.bmp,B,C,3,2,False,False,0.4907563,0.32516703861339974,875,315,B-C,2-3
S06,S06-B-3.bmp,S06-C-3.bmp,B,C,3,3,False,True,0.4876033,0.3224043723252411,875,335,B-C,3-3
S06,S06-B-3.bmp,S06-D-1.bmp,B,D,3,1,False,False,7.3260076e-10,7.326007320640287e-10,875,490,B-D,1-3
S06,S06-B-3.bmp,S06-D-3.bmp,B,D,3,3,False,True,7.369197e-10,7.36919675212292e-10,875,482,B-D,3-3
S06,S06-C-1.bmp,S06-C-2.bmp,C,C,1,2,True,False,0.6732283,0.5074183990877792,193,315,C-C,1-2
S06,S06-C-1.bmp,S06-C-3.bmp,C,C,1,3,True,False,0.6666667,0.5000000014204545,193,335,C-C,1-3
S06,S06-C-1.bmp,S06-D-1.bmp,C,D,1,1,False,True,1.4641288e-09,1.4641288411945404e-09,193,490,C-D,1-1
S06,S06-C-1.bmp,S06-D-3.bmp,C,D,1,3,False,False,1.4814815e-09,1.481481479286694e-09,193,482,C-D,1-3
S06,S06-C-2.bmp,S06-C-3.bmp,C,C,2,3,True,False,0.84615386,0.7333333340444445,315,335,C-C,2-3
S06,S06-C-2.bmp,S06-D-1.bmp,C,D,2,1,False,False,1.242236e-09,1.2422360233015701e-09,315,490,C-D,1-2
S06,S06-C-2.bmp,S06-D-3.bmp,C,D,2,3,False,False,1.2547051e-09,1.2547051427168064e-09,315,482,C-D,2-3
S06,S06-C-3.bmp,S06-D-1.bmp,C,D,3,1,False,False,1.2121212e-09,1.2121212106519742e-09,335,490,C-D,1-3
S06,S06-C-3.bmp,S06-D-3.bmp,C,D,3,3,False,True,1.2239902e-09,1.2239902065801832e-09,335,482,C-D,3-3
S06,S06-D-1.bmp,S06-D-3.bmp,D,D,1,3,True,False,1.0288066e-09,1.0288065833036969e-09,490,482,D-D,1-3
S07,S07-A-1.bmp,S07-A-2.bmp,A,A,1,2,True,False,0.6758621,0.5104166668166616,1894,3036,A-A,1-2
S07,S07-A-1.bmp,S07-A-3.bmp,A,A,1,3,True,False,0.42337453,0.26853208331841016,1894,6765,A-A,1-3
S07,S07-A-1.bmp,S07-B-1.bmp,A,B,1,1,False,True,0.0034071554,0.001706485067531363,1894,454,A-B,1-1
S07,S07-A-1.bmp,S07-B-2.bmp,A,B,1,2,False,False,0.10142631,0.05342237101276195,1894,630,A-B,1-2
S07,S07-A-1.bmp,S07-B-3.bmp,A,B,1,3,False,False,0.2732644,0.1582549190939885,1894,814,A-B,1-3
S07,S07-A-1.bmp,S07-C-1.bmp,A,C,1,1,False,True,0.20705882,0.1154855646361134,1894,1081,A-C,1-1
S07,S07-A-1.bmp,S07-C-2.bmp,A,C,1,2,False,False,0.14739802,0.07956270905570523,1894,1661,A-C,1-2
S07,S07-A-1.bmp,S07-C-3.bmp,A,C,1,3,False,False,0.3606383,0.21998702166775244,1894,1866,A-C,1-3
S07,S07-A-1.bmp,S07-D-1.bmp,A,D,1,1,False,True,0.13939981,0.07492195677683561,1894,172,A-D,1-1
S07,S07-A-1.bmp,S07-D-2.bmp,A,D,1,2,False,False,4.930966e-10,4.930966466996564e-10,1894,134,A-D,1-2
S07,S07-A-1.bmp,S07-D-3.bmp,A,D,1,3,False,False,5.022602e-10,5.022601705161928e-10,1894,97,A-D,1-3
S07,S07-A-2.bmp,S07-A-3.bmp,A,A,2,3,True,False,0.45525968,0.2947159842411207,3036,6765,A-A,2-3
S07,S07-A-2.bmp,S07-B-1.bmp,A,B,2,1,False,False,2.8653296e-10,2.8653295120729714e-10,3036,454,A-B,1-2
S07,S07-A-2.bmp,S07-B-2.bmp,A,B,2,2,False,True,0.05237316,0.02689075657510063,3036,630,A-B,2-2
S07,S07-A-2.bmp,S07-B-3.bmp,A,B,2,3,False,False,0.18025973,0.0990579505854816,3036,814,A-B,2-3
S07,S07-A-2.bmp,S07-C-1.bmp,A,C,2,1,False,False,0.4765606,0.31281887777014705,3036,1081,A-C,1-2
S07,S07-A-2.bmp,S07-C-2.bmp,A,C,2,2,False,True,0.39557165,0.2465498940428477,3036,1661,A-C,2-2
S07,S07-A-2.bmp,S07-C-3.bmp,A,C,2,3,False,False,0.5369237,0.3669827107175174,3036,1866,A-C,2-3
S07,S07-A-2.bmp,S07-D-1.bmp,A,D,2,1,False,False,0.08416459,0.043931012351470546,3036,172,A-D,1-2
S07,S07-A-2.bmp,S07-D-2.bmp,A,D,2,2,False,True,3.154574e-10,3.1545741314969797e-10,3036,134,A-D,2-2
S07,S07-A-2.bmp,S07-D-3.bmp,A,D,2,3,False,False,0.061283115,0.03161014190595649,3036,97,A-D,2-3
S07,S07-A-3.bmp,S07-B-1.bmp,A,B,3,1,False,False,0.031029228,0.015759110874383128,6765,454,A-B,1-3
S07,S07-A-3.bmp,S07-B-2.bmp,A,B,3,2,False,False,0.080324546,0.04184277274699313,6765,630,A-B,2-3
S07,S07-A-3.bmp,S07-B-3.bmp,A,B,3,3,False,True,0.13642961,0.0732087228726694,6765,814,A-B,3-3
S07,S07-A-3.bmp,S07-C-1.bmp,A,C,3,1,False,False,0.16339536,0.08896599596266953,6765,1081,A-C,1-3
S07,S07-A-3.bmp,S07-C-2.bmp,A,C,3,2,False,False,0.19439828,0.10766399380732693,6765,1661,A-C,2-3
S07,S07-A-3.bmp,S07-C-3.bmp,A,C,3,3,False,True,0.2565172,0.1471291867162242,6765,1866,A-C,3-3
S07,S07-A-3.bmp,S07-D-1.bmp,A,D,3,1,False,False,0.040939886,0.02089771905505552,6765,172,A-D,1-3
S07,S07-A-3.bmp,S07-D-2.bmp,A,D,3,2,False,False,1.4494854e-10,1.4494854324613007e-10,6765,134,A-D,2-3
S07,S07-A-3.bmp,S07-D-3.bmp,A,D,3,3,False,True,1.4573011e-10,1.4573010781904251e-10,6765,97,A-D,3-3
S07,S07-B-1.bmp,S07-B-2.bmp,B,B,1,2,True,False,0.3210332,0.19120879209757274,454,630,B-B,1-2
S07,S07-B-1.bmp,S07-B-3.bmp,B,B,1,3,True,False,0.41324922,0.26043737648067855,454,814,B-B,1-3
S07,S07-B-1.bmp,S07-C-1.bmp,B,C,1,1,False,True,6.5146577e-10,6.514657976211949e-10,454,1081,B-C,1-1
S07,S07-B-1.bmp,S07-C-2.bmp,B,C,1,2,False,False,0.06619386,0.034229829323114996,454,1661,B-C,1-2
S07,S07-B-1.bmp,S07-C-3.bmp,B,C,1,3,False,False,0.05086207,0.026094648816411034,454,1866,B-C,1-3
S07,S07-B-1.bmp,S07-D-1.bmp,B,D,1,1,False,True,0.0031948898,0.0016000015974399974,454,172,B-D,1-1
S07,S07-B-1.bmp,S07-D-2.bmp,B,D,1,2,False,False,1.7006803e-09,1.70068026921653e-09,454,134,B-D,1-2
S07,S07-B-1.bmp,S07-D-3.bmp,B,D,1,3,False,False,1.814882e-09,1.8148820293740797e-09,454,97,B-D,1-3
S07,S07-B-2.bmp,S07-B-3.bmp,B,B,2,3,True,False,0.4362881,0.2790079722949442,630,814,B-B,2-3
S07,S07-B-2.bmp,S07-C-1.bmp,B,C,2,1,False,False,5.8445354e-10,5.844535356023065e-10,630,1081,B-C,1-2
S07,S07-B-2.bmp,S07-C-2.bmp,B,C,2,2,False,True,0.025316456,0.012820513256931693,630,1661,B-C,2-2
S07,S07-B-2.bmp,S07-C-3.bmp,B,C,2,3,False,False,0.048076924,0.024630542272319155,630,1866,B-C,2-3
S07,S07-B-2.bmp,S07-D-1.bmp,B,D,2,1,False,False,0.29426435,0.17251462109281487,630,172,B-D,1-2
S07,S07-B-2.bmp,S07-D-2.bmp,B,D,2,2,False,True,1.3089005e-09,1.3089005218469888e-09,630,134,B-D,2-2
S07,S07-B-2.bmp,S07-D-3.bmp,B,D,2,3,False,False,1.3755158e-09,1.3755158165398681e-09,630,97,B-D,2-3
S07,S07-B-3.bmp,S07-C-1.bmp,B,C,3,1,False,False,5.277045e-10,5.277044852096546e-10,814,1081,B-C,1-3
S07,S07-B-3.bmp,S07-C-2.bmp,B,C,3,2,False,False,0.10989899,0.05814450660190487,814,1661,B-C,2-3
S07,S07-B-3.bmp,S07-C-3.bmp,B,C,3,3,False,True,0.27835822,0.16168183824807897,814,1866,B-C,3-3
S07,S07-B-3.bmp,S07-D-1.bmp,B,D,3,1,False,False,0.3326572,0.19951338296896182,814,172,B-D,1-3
S07,S07-B-3.bmp,S07-D-2.bmp,B,D,3,2,False,False,1.0548523e-09,1.054852319562392e-09,814,134,B-D,2-3
S07,S07-B-3.bmp,S07-D-3.bmp,B,D,3,3,False,True,1.0976948e-09,1.0976948396293141e-09,814,97,B-D,3-3
S07,S07-C-1.bmp,S07-C-2.bmp,C,C,1,2,True,False,0.6630197,0.4959083472471858,1081,1661,C-C,1-2
S07,S07-C-1.bmp,S07-C-3.bmp,C,C,1,3,True,False,0.629793,0.4596334821893841,1081,1866,C-C,1-3
S07,S07-C-1.bmp,S07-D-1.bmp,C,D,1,1,False,True,7.980846e-10,7.980845963303394e-10,1081,172,C-D,1-1
S07,S07-C-1.bmp,S07-D-2.bmp,C,D,1,2,False,False,8.2304524e-10,8.230452668123083e-10,1081,134,C-D,1-2
S07,S07-C-1.bmp,S07-D-3.bmp,C,D,1,3,False,False,0.039049234,0.01991342076197972,1081,97,C-D,1-3
S07,S07-C-2.bmp,S07-C-3.bmp,C,C,2,3,True,False,0.69350725,0.5308159724258612,1661,1866,C-C,2-3
S07,S07-C-2.bmp,S07-D-1.bmp,C,D,2,1,False,False,5.455537e-10,5.455537367454698e-10,1661,172,C-D,1-2
S07,S07-C-2.bmp,S07-D-2.bmp,C,D,2,2,False,True,5.571031e-10,5.571030637564885e-10,1661,134,C-D,2-2
S07,S07-C-2.bmp,S07-D-3.bmp,C,D,2,3,False,False,0.08646189,0.04518430496719125,1661,97,C-D,2-3
S07,S07-C-3.bmp,S07-D-1.bmp,C,D,3,1,False,False,0.08537782,0.04459251714782546,1866,172,C-D,1-3
S07,S07-C-3.bmp,S07-D-2.bmp,C,D,3,2,False,False,5e-10,4.9999999975e-10,1866,134,C-D,2-3
S07,S07-C-3.bmp,S07-D-3.bmp,C,D,3,3,False,True,0.008150791,0.004092072120669016,1866,97,C-D,3-3
S07,S07-D-1.bmp,S07-D-2.bmp,D,D,1,2,True,False,3.267974e-09,3.2679738455294972e-09,172,134,D-D,1-2
S07,S07-D-1.bmp,S07-D-3.bmp,D,D,1,3,True,False,3.717472e-09,3.7174721051395087e-09,172,97,D-D,1-3
S07,S07-D-2.bmp,S07-D-3.bmp,D,D,2,3,True,False,4.3290043e-09,4.329004310264051e-09,134,97,D-D,2-3
S08,S08-A-1.bmp,S08-A-2.bmp,A,A,1,2,True,False,0.56790125,0.39655172934007127,87,75,A-A,1-2
S08,S08-A-1.bmp,S08-A-3.bmp,A,A,1,3,True,False,1.1494253e-08,1.149425274144537e-08,87,0,A-A,1-3
S08,S08-A-1.bmp,S08-B-1.bmp,A,B,1,1,False,True,0.17975207,0.09875141986520837,87,881,A-B,1-1
S08,S08-A-1.bmp,S08-B-2.bmp,A,B,1,2,False,False,0.2242268,0.12626995772674898,87,689,A-B,1-2
S08,S08-A-1.bmp,S08-B-3.bmp,A,B,1,3,False,False,0.1743487,0.09549945214544517,87,911,A-B,1-3
S08,S08-A-1.bmp,S08-C-1.bmp,A,C,1,1,False,True,2.6666667e-09,2.6666666595555553e-09,87,288,A-C,1-1
S08,S08-A-1.bmp,S08-C-2.bmp,A,C,1,2,False,False,1.610306e-09,1.6103059555389597e-09,87,534,A-C,1-2
S08,S08-A-1.bmp,S08-C-3.bmp,A,C,1,3,False,False,1.6722408e-09,1.672240799879196e-09,87,511,A-C,1-3
S08,S08-A-1.bmp,S08-D-1.bmp,A,D,1,1,False,True,6.9444446e-09,6.944444396219136e-09,87,57,A-D,1-1
S08,S08-A-1.bmp,S08-D-2.bmp,A,D,1,2,False,False,1.8181818e-09,1.818181814876033e-09,87,463,A-D,1-2
S08,S08-A-1.bmp,S08-D-3.bmp,A,D,1,3,False,False,2.4752476e-09,2.4752475186256248e-09,87,317,A-D,1-3
S08,S08-A-2.bmp,S08-A-3.bmp,A,A,2,3,True,False,1.33333335e-08,1.3333333155555557e-08,75,0,A-A,2-3
S08,S08-A-2.bmp,S08-B-1.bmp,A,B,2,1,False,False,0.15690376,0.08513053452312085,75,881,A-B,1-2
S08,S08-A-2.bmp,S08-B-2.bmp,A,B,2,2,False,True,0.19633508,0.10885341203359446,75,689,A-B,2-2
S08,S08-A-2.bmp,S08-B-3.bmp,A,B,2,3,False,False,0.15212981,0.08232711406989339,75,911,A-B,2-3
S08,S08-A-2.bmp,S08-C-1.bmp,A,C,2,1,False,False,2.754821e-09,2.75482092905008e-09,75,288,A-C,1-2
S08,S08-A-2.bmp,S08-C-2.bmp,A,C,2,2,False,True,1.6420362e-09,1.6420361220984628e-09,75,534,A-C,2-2
S08,S08-A-2.bmp,S08-C-3.bmp,A,C,2,3,False,False,1.7064846e-09,1.7064846387261353e-09,75,511,A-C,2-3
S08,S08-A-2.bmp,S08-D-1.bmp,A,D,2,1,False,False,7.575758e-09,7.575757518365473e-09,75,57,A-D,1-2
S08,S08-A-2.bmp,S08-D-2.bmp,A,D,2,2,False,True,1.858736e-09,1.858736056024654e-09,75,463,A-D,2-2
S08,S08-A-2.bmp,S08-D-3.bmp,A,D,2,3,False,False,2.5510205e-09,2.55102040165556e-09,75,317,A-D,2-3
S08,S08-A-3.bmp,S08-B-1.bmp,A,B,3,1,False,False,1.1350738e-09,1.1350737785072942e-09,0,881,A-B,1-3
S08,S08-A-3.bmp,S08-B-2.bmp,A,B,3,2,False,False,1.4513788e-09,1.4513788077628754e-09,0,689,A-B,2-3
S08,S08-A-3.bmp,S08-B-3.bmp,A,B,3,3,False,True,1.0976948e-09,1.0976948396293141e-09,0,911,A-B,3-3
S08,S08-A-3.bmp,S08-C-1.bmp,A,C,3,1,False,False,3.4722223e-09,3.472222210165895e-09,0,288,A-C,1-3
S08,S08-A-3.bmp,S08-C-2.bmp,A,C,3,2,False,False,1.8726591e-09,1.87265917252311e-09,0,534,A-C,2-3
S08,S08-A-3.bmp,S08-C-3.bmp,A,C,3,3,False,True,1.956947e-09,1.9569471585969723e-09,0,511,A-C,3-3
S08,S08-A-3.bmp,S08-D-1.bmp,A,D,3,1,False,False,1.754386e-08,1.75438593413358e-08,0,57,A-D,1-3
S08,S08-A-3.bmp,S08-D-2.bmp,A,D,3,2,False,False,2.1598272e-09,2.1598272091580403e-09,0,463,A-D,2-3
S08,S08-A-3.bmp,S08-D-3.bmp,A,D,3,3,False,True,3.1545742e-09,3.1545741225407754e-09,0,317,A-D,3-3
S08,S08-B-1.bmp,S08-B-2.bmp,B,B,1,2,True,False,0.86624205,0.7640449440853427,881,689,B-B,1-2
S08,S08-B-1.bmp,S08-B-3.bmp,B,B,1,3,True,False,0.69866073,0.5368782165206876,881,911,B-B,1-3
S08,S08-B-1.bmp,S08-C-1.bmp,B,C,1,1,False,True,0.1334474,0.0714940430142126,881,288,B-C,1-1
S08,S08-B-1.bmp,S08-C-2.bmp,B,C,1,2,False,False,0.204947,0.11417322904395807,881,534,B-C,1-2
S08,S08-B-1.bmp,S08-C-3.bmp,B,C,1,3,False,False,0.1724138,0.09433962335350657,881,511,B-C,1-3
S08,S08-B-1.bmp,S08-D-1.bmp,B,D,1,1,False,True,1.0660981e-09,1.066098079886889e-09,881,57,B-D,1-1
S08,S08-B-1.bmp,S08-D-2.bmp,B,D,1,2,False,False,0.21875,0.12280701827668586,881,463,B-D,1-2
S08,S08-B-1.bmp,S08-D-3.bmp,B,D,1,3,False,False,0.025041739,0.012679628898833785,881,317,B-D,1-3
S08,S08-B-2.bmp,S08-B-3.bmp,B,B,2,3,True,False,0.705,0.5444015448413112,689,911,B-B,2-3
S08,S08-B-2.bmp,S08-C-1.bmp,B,C,2,1,False,False,0.15762538,0.08555555657160493,689,288,B-C,1-2
S08,S08-B-2.bmp,S08-C-2.bmp,B,C,2,2,False,True,0.14063777,0.07563764373294841,689,534,B-C,2-2
S08,S08-B-2.bmp,S08-C-3.bmp,B,C,2,3,False,False,0.12166667,0.06477373641102596,689,511,B-C,2-3
S08,S08-B-2.bmp,S08-D-1.bmp,B,D,2,1,False,False,1.3404826e-09,1.340482571929648e-09,689,57,B-D,1-2
S08,S08-B-2.bmp,S08-D-2.bmp,B,D,2,2,False,True,0.1579861,0.08576814412274443,689,463,B-D,2-2
S08,S08-B-2.bmp,S08-D-3.bmp,B,D,2,3,False,False,0.03777336,0.01925025428647391,689,317,B-D,2-3
S08,S08-B-3.bmp,S08-C-1.bmp,B,C,3,1,False,False,0.41701418,0.2634351957181926,911,288,B-C,1-3
S08,S08-B-3.bmp,S08-C-2.bmp,B,C,3,2,False,False,0.24913494,0.14229249079660672,911,534,B-C,2-3
S08,S08-B-3.bmp,S08-C-3.bmp,B,C,3,3,False,True,0.29957807,0.176178660731035,911,511,B-C,3-3
S08,S08-B-3.bmp,S08-D-1.bmp,B,D,3,1,False,False,1.0330579e-09,1.0330578501724608e-09,911,57,B-D,1-3
S08,S08-B-3.bmp,S08-D-2.bmp,B,D,3,2,False,False,0.3173217,0.18858131558081198,911,463,B-D,2-3
S08,S08-B-3.bmp,S08-D-3.bmp,B,D,3,3,False,True,0.10586319,0.05588994062262257,911,317,B-D,3-3
S08,S08-C-1.bmp,S08-C-2.bmp,C,C,1,2,True,False,0.23600973,0.133793104643044,288,534,C-C,1-2
S08,S08-C-1.bmp,S08-C-3.bmp,C,C,1,3,True,False,0.37797245,0.23302469254162855,288,511,C-C,1-3
S08,S08-C-1.bmp,S08-D-1.bmp,C,D,1,1,False,True,2.8985507e-09,2.8985507162360846e-09,288,57,C-D,1-1
S08,S08-C-1.bmp,S08-D-2.bmp,C,D,1,2,False,False,0.050599203,0.02595628548366628,288,463,C-D,1-2
S08,S08-C-1.bmp,S08-D-3.bmp,C,D,1,3,False,False,0.21157025,0.11829944710111008,288,317,C-D,1-3
S08,S08-C-2.bmp,S08-C-3.bmp,C,C,2,3,True,False,0.82488036,0.701954397879553,534,511,C-C,2-3
S08,S08-C-2.bmp,S08-D-1.bmp,C,D,2,1,False,False,1.6920474e-09,1.6920473744635407e-09,534,57,C-D,1-2
S08,S08-C-2.bmp,S08-D-2.bmp,C,D,2,2,False,True,0.020060182,0.010131713262277898,534,463,C-D,2-2
S08,S08-C-2.bmp,S08-D-3.bmp,C,D,2,3,False,False,0.24206816,0.13770053591216505,534,317,C-D,2-3
S08,S08-C-3.bmp,S08-D-1.bmp,C,D,3,1,False,False,0.021126762,0.010676158343992602,511,57,C-D,1-3
S08,S08-C-3.bmp,S08-D-2.bmp,C,D,3,2,False,False,0.039014373,0.01989528898440284,511,463,C-D,2-3
S08,S08-C-3.bmp,S08-D-3.bmp,C,D,3,3,False,True,0.2826087,0.16455696320034183,511,317,C-D,3-3
S08,S08-D-1.bmp,S08-D-2.bmp,D,D,1,2,True,False,1.9230768e-09,1.9230769193786983e-09,57,463,D-D,1-2
S08,S08-D-1.bmp,S08-D-3.bmp,D,D,1,3,True,False,0.032085564,0.016304350499172962,57,317,D-D,1-3
S08,S08-D-2.bmp,S08-D-3.bmp,D,D,2,3,True,False,1.2820512e-09,1.2820512804076266e-09,463,317,D-D,2-3
S09,S09-A-1.bmp,S09-A-2.bmp,A,A,1,2,True,False,0.42051283,0.266233770998482,141,54,A-A,1-2
S09,S09-A-1.bmp,S09-A-3.bmp,A,A,1,3,True,False,0.49673203,0.33043478551984873,141,165,A-A,1-3
S09,S09-A-1.bmp,S09-B-1.bmp,A,B,1,1,False,True,0.13084112,0.0700000031,141,180,A-B,1-1
S09,S09-A-1.bmp,S09-B-2.bmp,A,B,1,2,False,False,2.8818443e-09,2.881844372098431e-09,141,206,A-B,1-2
S09,S09-A-1.bmp,S09-B-3.bmp,A,B,1,3,False,False,2.7173912e-09,2.7173912969636105e-09,141,227,A-B,1-3
S09,S09-A-1.bmp,S09-C-1.bmp,A,C,1,1,False,True,1.5600624e-09,1.5600624000623051e-09,141,500,A-C,1-1
S09,S09-A-1.bmp,S09-C-2.bmp,A,C,1,2,False,False,1.7985612e-09,1.7985611478443144e-09,141,415,A-C,1-2
S09,S09-A-1.bmp,S09-C-3.bmp,A,C,1,3,False,False,1.2019231e-09,1.2019230754784579e-09,141,691,A-C,1-3
S09,S09-A-1.bmp,S09-D-1.bmp,A,D,1,1,False,True,2.4390243e-09,2.4390243842950623e-09,141,269,A-D,1-1
S09,S09-A-1.bmp,S09-D-2.bmp,A,D,1,2,False,False,1.7636684e-09,1.7636684272245706e-09,141,426,A-D,1-2
S09,S09-A-1.bmp,S09-D-3.bmp,A,D,1,3,False,False,1.2360939e-09,1.2360939416117502e-09,141,668,A-D,1-3
S09,S09-A-2.bmp,S09-A-3.bmp,A,A,2,3,True,False,0.24657534,0.14062500447591145,54,165,A-A,2-3
S09,S09-A-2.bmp,S09-B-1.bmp,A,B,2,1,False,False,4.273504e-09,4.273504255241435e-09,54,180,A-B,1-2
S09,S09-A-2.bmp,S09-B-2.bmp,A,B,2,2,False,True,3.8461536e-09,3.846153831360947e-09,54,206,A-B,2-2
S09,S09-A-2.bmp,S09-B-3.bmp,A,B,2,3,False,False,3.5587189e-09,3.5587188485454843e-09,54,227,A-B,2-3
S09,S09-A-2.bmp,S09-C-1.bmp,A,C,2,1,False,False,1.8050541e-09,1.8050541483663282e-09,54,500,A-C,1-2
S09,S09-A-2.bmp,S09-C-2.bmp,A,C,2,2,False,True,2.1321962e-09,2.1321961575006477e-09,54,415,A-C,2-2
S09,S09-A-2.bmp,S09-C-3.bmp,A,C,2,3,False,False,1.3422818e-09,1.34228187739291e-09,54,691,A-C,2-3
S09,S09-A-2.bmp,S09-D-1.bmp,A,D,2,1,False,False,3.0959753e-09,3.0959752226130798e-09,54,269,A-D,1-2
S09,S09-A-2.bmp,S09-D-2.bmp,A,D,2,2,False,True,2.0833333e-09,2.0833333289930555e-09,54,426,A-D,2-2
S09,S09-A-2.bmp,S09-D-3.bmp,A,D,2,3,False,False,1.3850415e-09,1.3850415493281973e-09,54,668,A-D,2-3
S09,S09-A-3.bmp,S09-B-1.bmp,A,B,3,1,False,False,0.35362318,0.21478873515919458,165,180,A-B,1-3
S09,S09-A-3.bmp,S09-B-2.bmp,A,B,3,2,False,False,2.6954179e-09,2.6954177824921354e-09,165,206,A-B,2-3
S09,S09-A-3.bmp,S09-B-3.bmp,A,B,3,3,False,True,2.5510205e-09,2.55102040165556e-09,165,227,A-B,3-3
S09,S09-A-3.bmp,S09-C-1.bmp,A,C,3,1,False,False,1.5037593e-09,1.5037593962349483e-09,165,500,A-C,1-3
S09,S09-A-3.bmp,S09-C-2.bmp,A,C,3,2,False,False,1.7241379e-09,1.7241379280618311e-09,165,415,A-C,2-3
S09,S09-A-3.bmp,S09-C-3.bmp,A,C,3,3,False,True,1.1682243e-09,1.1682242977006725e-09,165,691,A-C,3-3
S09,S09-A-3.bmp,S09-D-1.bmp,A,D,3,1,False,False,2.3041475e-09,2.3041474601286924e-09,165,269,A-D,1-3
S09,S09-A-3.bmp,S09-D-2.bmp,A,D,3,2,False,False,1.6920474e-09,1.6920473744635407e-09,165,426,A-D,2-3
S09,S09-A-3.bmp,S09-D-3.bmp,A,D,3,3,False,True,1.2004802e-09,1.200480190635678e-09,165,668,A-D,3-3
S09,S09-B-1.bmp,S09-B-2.bmp,B,B,1,2,True,False,2.5906737e-09,2.590673568417944e-09,180,206,B-B,1-2
S09,S09-B-1.bmp,S09-B-3.bmp,B,B,1,3,True,False,2.4570024e-09,2.4570024509655957e-09,180,227,B-B,1-3
S09,S09-B-1.bmp,S09-C-1.bmp,B,C,1,1,False,True,1.4705882e-09,1.4705882331314878e-09,180,500,B-C,1-1
S09,S09-B-1.bmp,S09-C-2.bmp,B,C,1,2,False,False,1.6806723e-09,1.6806722660829037e-09,180,415,B-C,1-2
S09,S09-B-1.bmp,S09-C-3.bmp,B,C,1,3,False,False,1.1481056e-09,1.1481056243994194e-09,180,691,B-C,1-3
S09,S09-B-1.bmp,S09-D-1.bmp,B,D,1,1,False,True,0.013363031,0.006726459626173857,180,269,B-D,1-1
S09,S09-B-1.bmp,S09-D-2.bmp,B,D,1,2,False,False,0.10891089,0.057591624681340964,180,426,B-D,1-2
S09,S09-B-1.bmp,S09-D-3.bmp,B,D,1,3,False,False,1.1792453e-09,1.1792452816282485e-09,180,668,B-D,1-3
S09,S09-B-2.bmp,S09-B-3.bmp,B,B,2,3,True,False,0.6281755,0.4579124597376685,206,227,B-B,2-3
S09,S09-B-2.bmp,S09-C-1.bmp,B,C,2,1,False,False,0.13314448,0.07132018350330777,206,500,B-C,1-2
S09,S09-B-2.bmp,S09-C-2.bmp,B,C,2,2,False,True,0.17713365,0.09717314647142553,206,415,B-C,2-2
S09,S09-B-2.bmp,S09-C-3.bmp,B,C,2,3,False,False,0.13823858,0.07425149811466886,206,691,B-C,2-3
S09,S09-B-2.bmp,S09-D-1.bmp,B,D,2,1,False,False,0.10947368,0.05790646089553127,206,269,B-D,1-2
S09,S09-B-2.bmp,S09-D-2.bmp,B,D,2,2,False,True,0.14240506,0.07666098964793698,206,426,B-D,2-2
S09,S09-B-2.bmp,S09-D-3.bmp,B,D,2,3,False,False,0.08466819,0.04420549696032796,206,668,B-D,2-3
S09,S09-B-3.bmp,S09-C-1.bmp,B,C,3,1,False,False,0.09903714,0.05209840947597914,227,500,B-C,1-3
S09,S09-B-3.bmp,S09-C-2.bmp,B,C,3,2,False,False,0.13707165,0.07357859686692542,227,415,B-C,2-3
S09,S09-B-3.bmp,S09-C-3.bmp,B,C,3,3,False,True,0.104575165,0.05517241487911216,227,691,B-C,3-3
S09,S09-B-3.bmp,S09-D-1.bmp,B,D,3,1,False,False,2.016129e-09,2.016129028193288e-09,227,269,B-D,1-3
S09,S09-B-3.bmp,S09-D-2.bmp,B,D,3,2,False,False,0.027565086,0.013975156810597581,227,426,B-D,2-3
S09,S09-B-3.bmp,S09-D-3.bmp,B,D,3,3,False,True,0.004469275,0.002239642774647657,227,668,B-D,3-3
S09,S09-C-1.bmp,S09-C-2.bmp,C,C,1,2,True,False,0.67103827,0.5049342113405687,500,415,C-C,1-2
S09,S09-C-1.bmp,S09-C-3.bmp,C,C,1,3,True,False,0.64651555,0.4776674944445813,500,691,C-C,1-3
S09,S09-C-1.bmp,S09-D-1.bmp,C,D,1,1,False,True,1.3003901e-09,1.300390115344096e-09,500,269,C-D,1-1
S09,S09-C-1.bmp,S09-D-2.bmp,C,D,1,2,False,False,1.0799136e-09,1.0799136057452336e-09,500,426,C-D,1-2
S09,S09-C-1.bmp,S09-D-3.bmp,C,D,1,3,False,False,0.04452055,0.02276707616220046,500,668,C-D,1-3
S09,S09-C-2.bmp,S09-C-3.bmp,C,C,2,3,True,False,0.63833636,0.4687915013694668,415,691,C-C,2-3
S09,S09-C-2.bmp,S09-D-1.bmp,C,D,2,1,False,False,1.4619883e-09,1.4619883019561574e-09,415,269,C-D,1-2
S09,S09-C-2.bmp,S09-D-2.bmp,C,D,2,2,False,True,1.1890606e-09,1.1890606406788814e-09,415,426,C-D,2-2
S09,S09-C-2.bmp,S09-D-3.bmp,C,D,2,3,False,False,0.09048938,0.04738878235262206,415,668,C-D,2-3
S09,S09-C-3.bmp,S09-D-1.bmp,C,D,3,1,False,False,1.0416666e-09,1.0416666655815972e-09,691,269,C-D,1-3
S09,S09-C-3.bmp,S09-D-2.bmp,C,D,3,2,False,False,8.9525515e-10,8.952551469156175e-10,691,426,C-D,2-3
S09,S09-C-3.bmp,S09-D-3.bmp,C,D,3,3,False,True,0.11037528,0.058411215686595616,691,668,C-D,3-3
S09,S09-D-1.bmp,S09-D-2.bmp,D,D,1,2,True,False,0.72805756,0.5723981910126738,269,426,D-D,1-2
S09,S09-D-1.bmp,S09-D-3.bmp,D,D,1,3,True,False,0.339381,0.20437018097124654,269,668,D-D,1-3
S09,S09-D-2.bmp,S09-D-3.bmp,D,D,2,3,True,False,0.28153566,0.16382978812358534,426,668,D-D,2-3
S10,S10-A-1.bmp,S10-A-2.bmp,A,A,1,2,True,False,0.63414633,0.4642857238520407,41,41,A-A,1-2
S10,S10-A-1.bmp,S10-A-3.bmp,A,A,1,3,True,False,0.16666669,0.09090909917355364,41,79,A-A,1-3
S10,S10-A-1.bmp,S10-B-1.bmp,A,B,1,1,False,True,5.780347e-09,5.780346787396839e-09,41,132,A-B,1-1
S10,S10-A-1.bmp,S10-B-2.bmp,A,B,1,2,False,False,1.8484289e-09,1.8484288320731443e-09,41,500,A-B,1-2
S10,S10-A-1.bmp,S10-B-3.bmp,A,B,1,3,False,False,1.3089005e-09,1.3089005218469888e-09,41,723,A-B,1-3
S10,S10-A-1.bmp,S10-C-1.bmp,A,C,1,1,False,True,1.9762845e-09,1.9762845810745364e-09,41,465,A-C,1-1
S10,S10-A-1.bmp,S10-C-2.bmp,A,C,1,2,False,False,2.6666667e-09,2.6666666595555553e-09,41,334,A-C,1-2
S10,S10-A-1.bmp,S10-C-3.bmp,A,C,1,3,False,False,2.5510205e-09,2.55102040165556e-09,41,351,A-C,1-3
S10,S10-A-1.bmp,S10-D-1.bmp,A,D,1,1,False,True,5.128205e-09,5.12820510190664e-09,41,154,A-D,1-1
S10,S10-A-1.bmp,S10-D-2.bmp,A,D,1,2,False,False,0.25714287,0.1475409905939263,41,99,A-D,1-2
S10,S10-A-1.bmp,S10-D-3.bmp,A,D,1,3,False,False,0.35964912,0.21925134107352223,41,187,A-D,1-3
S10,S10-A-2.bmp,S10-A-3.bmp,A,A,2,3,True,False,0.35,0.21212122007958364,41,79,A-A,2-3
S10,S10-A-2.bmp,S10-B-1.bmp,A,B,2,1,False,False,5.780347e-09,5.780346787396839e-09,41,132,A-B,1-2
S10,S10-A-2.bmp,S10-B-2.bmp,A,B,2,2,False,True,1.8484289e-09,1.8484288320731443e-09,41,500,A-B,2-2
S10,S10-A-2.bmp,S10-B-3.bmp,A,B,2,3,False,False,1.3089005e-09,1.3089005218469888e-09,41,723,A-B,2-3
S10,S10-A-2.bmp,S10-C-1.bmp,A,C,2,1,False,False,1.9762845e-09,1.9762845810745364e-09,41,465,A-C,1-2
S10,S10-A-2.bmp,S10-C-2.bmp,A,C,2,2,False,True,2.6666667e-09,2.6666666595555553e-09,41,334,A-C,2-2
S10,S10-A-2.bmp,S10-C-3.bmp,A,C,2,3,False,False,2.5510205e-09,2.55102040165556e-09,41,351,A-C,2-3
S10,S10-A-2.bmp,S10-D-1.bmp,A,D,2,1,False,False,5.128205e-09,5.12820510190664e-09,41,154,A-D,1-2
S10,S10-A-2.bmp,S10-D-2.bmp,A,D,2,2,False,True,0.47142857,0.30841122141671756,41,99,A-D,2-2
S10,S10-A-2.bmp,S10-D-3.bmp,A,D,2,3,False,False,0.35964912,0.21925134107352223,41,187,A-D,2-3
S10,S10-A-3.bmp,S10-B-1.bmp,A,B,3,1,False,False,4.7393365e-09,4.7393364704296844e-09,79,132,A-B,1-3
S10,S10-A-3.bmp,S10-B-2.bmp,A,B,3,2,False,False,1.7271157e-09,1.7271157137700937e-09,79,500,A-B,2-3
S10,S10-A-3.bmp,S10-B-3.bmp,A,B,3,3,False,True,1.2468828e-09,1.2468827914627396e-09,79,723,A-B,3-3
S10,S10-A-3.bmp,S10-C-1.bmp,A,C,3,1,False,False,0.011029414,0.0055452883446482654,79,465,A-C,1-3
S10,S10-A-3.bmp,S10-C-2.bmp,A,C,3,2,False,False,2.4213076e-09,2.421307500190539e-09,79,334,A-C,2-3
S10,S10-A-3.bmp,S10-C-3.bmp,A,C,3,3,False,True,2.3255813e-09,2.3255813899405083e-09,79,351,A-C,3-3
S10,S10-A-3.bmp,S10-D-1.bmp,A,D,3,1,False,False,4.2918455e-09,4.291845475142294e-09,79,154,A-D,1-3
S10,S10-A-3.bmp,S10-D-2.bmp,A,D,3,2,False,False,0.76404494,0.6181818216528925,79,99,A-D,2-3
S10,S10-A-3.bmp,S10-D-3.bmp,A,D,3,3,False,True,0.33082706,0.198198201809918,79,187,A-D,3-3
S10,S10-B-1.bmp,S10-B-2.bmp,B,B,1,2,True,False,0.2721519,0.15750915905218102,132,500,B-B,1-2
S10,S10-B-1.bmp,S10-B-3.bmp,B,B,1,3,True,False,0.29707602,0.17445055058454595,132,723,B-B,1-3
S10,S10-B-1.bmp,S10-C-1.bmp,B,C,1,1,False,True,0.1239531,0.06607143023915815,132,465,B-C,1-1
S10,S10-B-1.bmp,S10-C-2.bmp,B,C,1,2,False,False,2.1459228e-09,2.1459227421761312e-09,132,334,B-C,1-2
S10,S10-B-1.bmp,S10-C-3.bmp,B,C,1,3,False,False,0.12836438,0.06858407285711489,132,351,B-C,1-3
S10,S10-B-1.bmp,S10-D-1.bmp,B,D,1,1,False,True,3.4965035e-09,3.4965034842779596e-09,132,154,B-D,1-1
S10,S10-B-1.bmp,S10-D-2.bmp,B,D,1,2,False,False,4.3290043e-09,4.329004310264051e-09,132,99,B-D,1-2
S10,S10-B-1.bmp,S10-D-3.bmp,B,D,1,3,False,False,3.1347962e-09,3.1347962284175666e-09,132,187,B-D,1-3
S10,S10-B-2.bmp,S10-B-3.bmp,B,B,2,3,True,False,0.7964023,0.6616847830683631,500,723,B-B,2-3
S10,S10-B-2.bmp,S10-C-1.bmp,B,C,2,1,False,False,0.6673575,0.5007776057530675,500,465,B-C,1-2
S10,S10-B-2.bmp,S10-C-2.bmp,B,C,2,2,False,True,0.5179856,0.34951456415936155,500,334,B-C,2-2
S10,S10-B-2.bmp,S10-C-3.bmp,B,C,2,3,False,False,0.46768507,0.305214724992002,500,351,B-C,2-3
S10,S10-B-2.bmp,S10-D-1.bmp,B,D,2,1,False,False,0.4648318,0.3027888460103808,500,154,B-D,1-2
S10,S10-B-2.bmp,S10-D-2.bmp,B,D,2,2,False,True,1.669449e-09,1.6694490790159447e-09,500,99,B-D,2-2
S10,S10-B-2.bmp,S10-D-3.bmp,B,D,2,3,False,False,1.4556041e-09,1.4556040735726286e-09,500,187,B-D,2-3
S10,S10-B-3.bmp,S10-C-1.bmp,B,C,3,1,False,False,0.57239056,0.40094339693284975,723,465,B-C,1-3
S10,S10-B-3.bmp,S10-C-2.bmp,B,C,3,2,False,False,0.40302745,0.25236966913226344,723,334,B-C,2-3
S10,S10-B-3.bmp,S10-C-3.bmp,B,C,3,3,False,True,0.36685288,0.22462941935618083,723,351,B-C,3-3
S10,S10-B-3.bmp,S10-D-1.bmp,B,D,3,1,False,False,0.34207526,0.20632737385649605,723,154,B-D,1-3
S10,S10-B-3.bmp,S10-D-2.bmp,B,D,3,2,False,False,1.216545e-09,1.2165450106854682e-09,723,99,B-D,2-3
S10,S10-B-3.bmp,S10-D-3.bmp,B,D,3,3,False,True,1.0989011e-09,1.0989010976935152e-09,723,187,B-D,3-3
S10,S10-C-1.bmp,S10-C-2.bmp,C,C,1,2,True,False,0.5281602,0.35884353850536815,465,334,C-C,1-2
S10,S10-C-1.bmp,S10-C-3.bmp,C,C,1,3,True,False,0.6544118,0.48633879874983826,465,351,C-C,1-3
S10,S10-C-1.bmp,S10-D-1.bmp,C,D,1,1,False,True,0.47819063,0.314225054534554,465,154,C-D,1-1
S10,S10-C-1.bmp,S10-D-2.bmp,C,D,1,2,False,False,1.7730496e-09,1.7730496422463657e-09,465,99,C-D,1-2
S10,S10-C-1.bmp,S10-D-3.bmp,C,D,1,3,False,False,1.5337424e-09,1.5337423289359779e-09,465,187,C-D,1-3
S10,S10-C-2.bmp,S10-C-3.bmp,C,C,2,3,True,False,0.53138685,0.36182902711366,334,351,C-C,2-3
S10,S10-C-2.bmp,S10-D-1.bmp,C,D,2,1,False,False,0.6106557,0.4395280252521297,334,154,C-D,1-2
S10,S10-C-2.bmp,S10-D-2.bmp,C,D,2,2,False,True,2.3094688e-09,2.3094688168372543e-09,334,99,C-D,2-2
S10,S10-C-2.bmp,S10-D-3.bmp,C,D,2,3,False,False,1.9193858e-09,1.9193857928610635e-09,334,187,C-D,2-3
S10,S10-C-3.bmp,S10-D-1.bmp,C,D,3,1,False,False,0.33663365,0.20238095428004535,351,154,C-D,1-3
S10,S10-C-3.bmp,S10-D-2.bmp,C,D,3,2,False,False,2.2222222e-09,2.2222222172839506e-09,351,99,C-D,2-3
S10,S10-C-3.bmp,S10-D-3.bmp,C,D,3,3,False,True,1.858736e-09,1.858736056024654e-09,351,187,C-D,3-3
S10,S10-D-1.bmp,S10-D-2.bmp,D,D,1,2,True,False,3.952569e-09,3.952569154337671e-09,154,99,D-D,1-2
S10,S10-D-1.bmp,S10-D-3.bmp,D,D,1,3,True,False,2.9325513e-09,2.9325513110482364e-09,154,187,D-D,1-3
S10,S10-D-2.bmp,S10-D-3.bmp,D,D,2,3,True,False,0.4965035,0.33023256125473227,99,187,D-D,2-3
S11,S11-A-1.bmp,S11-A-2.bmp,A,A,1,2,True,False,0.8358097,0.7179322179927214,4483,3526,A-A,1-2
S11,S11-A-1.bmp,S11-A-3.bmp,A,A,1,3,True,False,0.83907527,0.7227645451536968,4483,4341,A-A,1-3
S11,S11-A-1.bmp,S11-B-1.bmp,A,B,1,1,False,True,0.67813087,0.5130090498655714,4483,3542,A-B,1-1
S11,S11-A-1.bmp,S11-B-2.bmp,A,B,1,2,False,False,0.06540931,0.033810412977844755,4483,501,A-B,1-2
S11,S11-A-1.bmp,S11-B-3.bmp,A,B,1,3,False,False,0.08353222,0.043586550634373895,4483,545,A-B,1-3
S11,S11-A-1.bmp,S11-C-1.bmp,A,C,1,1,False,True,0.17590488,0.09643404925298427,4483,1236,A-C,1-1
S11,S11-A-1.bmp,S11-C-2.bmp,A,C,1,2,False,False,0.22160856,0.12461180141214832,4483,1311,A-C,1-2
S11,S11-A-1.bmp,S11-C-3.bmp,A,C,1,3,False,False,0.29287365,0.17155944218789101,4483,1144,A-C,1-3
S11,S11-A-1.bmp,S11-D-1.bmp,A,D,1,1,False,True,0.12095808,0.06437221179851875,4483,527,A-D,1-1
S11,S11-A-1.bmp,S11-D-2.bmp,A,D,1,2,False,False,0.34495857,0.20842895906354494,4483,1309,A-D,1-2
S11,S11-A-1.bmp,S11-D-3.bmp,A,D,1,3,False,False,0.16643882,0.0907735323223162,4483,1369,A-D,1-3
S11,S11-A-2.bmp,S11-A-3.bmp,A,A,2,3,True,False,0.83843905,0.7218209674498093,3526,4341,A-A,2-3
S11,S11-A-2.bmp,S11-B-1.bmp,A,B,2,1,False,False,0.7337295,0.5794413408761024,3526,3542,A-B,1-2
S11,S11-A-2.bmp,S11-B-2.bmp,A,B,2,2,False,True,0.08095356,0.042184265258233884,3526,501,A-B,2-2
S11,S11-A-2.bmp,S11-B-3.bmp,A,B,2,3,False,False,0.13264555,0.0710339386816538,3526,545,A-B,2-3
S11,S11-A-2.bmp,S11-C-1.bmp,A,C,2,1,False,False,0.18353634,0.10104046263559757,3526,1236,A-C,1-2
S11,S11-A-2.bmp,S11-C-2.bmp,A,C,2,2,False,True,0.23361588,0.13225655451023957,3526,1311,A-C,2-2
S11,S11-A-2.bmp,S11-C-3.bmp,A,C,2,3,False,False,0.3280514,0.1962090165993317,3526,1144,A-C,2-3
S11,S11-A-2.bmp,S11-D-1.bmp,A,D,2,1,False,False,0.1208981,0.06433823553982715,3526,527,A-D,1-2
S11,S11-A-2.bmp,S11-D-2.bmp,A,D,2,2,False,True,0.34953463,0.2117794488191029,3526,1309,A-D,2-2
S11,S11-A-2.bmp,S11-D-3.bmp,A,D,2,3,False,False,0.1609806,0.08753610329092731,3526,1369,A-D,2-3
S11,S11-A-3.bmp,S11-B-1.bmp,A,B,3,1,False,False,0.7408347,0.5883538183380306,4341,3542,A-B,1-3
S11,S11-A-3.bmp,S11-B-2.bmp,A,B,3,2,False,False,0.06732755,0.03483650373267012,4341,501,A-B,2-3
S11,S11-A-3.bmp,S11-B-3.bmp,A,B,3,3,False,True,0.11665984,0.061943056061303396,4341,545,A-B,3-3
S11,S11-A-3.bmp,S11-C-1.bmp,A,C,3,1,False,False,0.27505827,0.159459459634208,4341,1236,A-C,1-3
S11,S11-A-3.bmp,S11-C-2.bmp,A,C,3,2,False,False,0.32908705,0.19695044489687621,4341,1311,A-C,2-3
S11,S11-A-3.bmp,S11-C-3.bmp,A,C,3,3,False,True,0.37958068,0.2342484250147956,4341,1144,A-C,3-3
S11,S11-A-3.bmp,S11-D-1.bmp,A,D,3,1,False,False,0.1285949,0.06871569724067712,4341,527,A-D,1-3
S11,S11-A-3.bmp,S11-D-2.bmp,A,D,3,2,False,False,0.39150444,0.2433978874904494,4341,1309,A-D,2-3
S11,S11-A-3.bmp,S11-D-3.bmp,A,D,3,3,False,True,0.25849387,0.14843121497416908,4341,1369,A-D,3-3
S11,S11-B-1.bmp,S11-B-2.bmp,B,B,1,2,True,False,0.18402177,0.10133478640660998,3542,501,B-B,1-2
S11,S11-B-1.bmp,S11-B-3.bmp,B,B,1,3,True,False,0.2485931,0.14193908937079097,3542,545,B-B,1-3
S11,S11-B-1.bmp,S11-C-1.bmp,B,C,1,1,False,True,0.17413144,0.09536909695200158,3542,1236,B-C,1-1
S11,S11-B-1.bmp,S11-C-2.bmp,B,C,1,2,False,False,0.22831239,0.12886717861622068,3542,1311,B-C,1-2
S11,S11-B-1.bmp,S11-C-3.bmp,B,C,1,3,False,False,0.2897994,0.1694534566584843,3542,1144,B-C,1-3
S11,S11-B-1.bmp,S11-D-1.bmp,B,D,1,1,False,True,0.091914475,0.048171046097843624,3542,527,B-D,1-1
S11,S11-B-1.bmp,S11-D-2.bmp,B,D,1,2,False,False,0.13399298,0.07180733560057283,3542,1309,B-D,1-2
S11,S11-B-1.bmp,S11-D-3.bmp,B,D,1,3,False,False,0.08633679,0.045115982327066186,3542,1369,B-D,1-3
S11,S11-B-2.bmp,S11-B-3.bmp,B,B,2,3,True,False,0.6481836,0.4794908069597018,501,545,B-B,2-3
S11,S11-B-2.bmp,S11-C-1.bmp,B,C,2,1,False,False,0.103626944,0.05464480931715555,501,1236,B-C,1-2
S11,S11-B-2.bmp,S11-C-2.bmp,B,C,2,2,False,True,0.081677705,0.04257767603994379,501,1311,B-C,2-2
S11,S11-B-2.bmp,S11-C-3.bmp,B,C,2,3,False,False,0.1544073,0.08366271470114445,501,1144,B-C,2-3
S11,S11-B-2.bmp,S11-D-1.bmp,B,D,2,1,False,False,9.727626e-10,9.727626449681295e-10,501,527,B-D,1-2
S11,S11-B-2.bmp,S11-D-2.bmp,B,D,2,2,False,True,0.0055248626,0.002770083654975023,501,1309,B-D,2-2
S11,S11-B-2.bmp,S11-D-3.bmp,B,D,2,3,False,False,0.04278075,0.021857924031771624,501,1369,B-D,2-3
S11,S11-B-3.bmp,S11-C-1.bmp,B,C,3,1,False,False,0.27063447,0.15649350704123796,545,1236,B-C,1-3
S11,S11-B-3.bmp,S11-C-2.bmp,B,C,3,2,False,False,0.23706897,0.13447432815741178,545,1311,B-C,2-3
S11,S11-B-3.bmp,S11-C-3.bmp,B,C,3,3,False,True,0.31379515,0.18609550618953966,545,1144,B-C,3-3
S11,S11-B-3.bmp,S11-D-1.bmp,B,D,3,1,False,False,9.328358e-10,9.328358200253395e-10,545,527,B-D,1-3
S11,S11-B-3.bmp,S11-D-2.bmp,B,D,3,2,False,False,0.012944985,0.00651465851980746,545,1309,B-D,2-3
S11,S11-B-3.bmp,S11-D-3.bmp,B,D,3,3,False,True,0.15569489,0.08441926397483328,545,1369,B-D,3-3
S11,S11-C-1.bmp,S11-C-2.bmp,C,C,1,2,True,False,0.79623085,0.6614481411210383,1236,1311,C-C,1-2
S11,S11-C-1.bmp,S11-C-3.bmp,C,C,1,3,True,False,0.6722689,0.5063291142365005,1236,1144,C-C,1-3
S11,S11-C-1.bmp,S11-D-1.bmp,C,D,1,1,False,True,0.24049915,0.13668600958305221,1236,527,C-D,1-1
S11,S11-C-1.bmp,S11-D-2.bmp,C,D,1,2,False,False,0.17288801,0.09462365630338768,1236,1309,C-D,1-2
S11,S11-C-1.bmp,S11-D-3.bmp,C,D,1,3,False,False,0.6771593,0.5118978528659908,1236,1369,C-D,1-3
S11,S11-C-2.bmp,S11-C-3.bmp,C,C,2,3,True,False,0.68350303,0.5191831686143669,1311,1144,C-C,2-3
S11,S11-C-2.bmp,S11-D-1.bmp,C,D,2,1,False,False,0.2774755,0.16108654506564335,1311,527,C-D,1-2
S11,S11-C-2.bmp,S11-D-2.bmp,C,D,2,2,False,True,0.14198473,0.07641742026441355,1311,1309,C-D,2-2
S11,S11-C-2.bmp,S11-D-3.bmp,C,D,2,3,False,False,0.57238805,0.40094093078884424,1311,1369,C-D,2-3
S11,S11-C-3.bmp,S11-D-1.bmp,C,D,3,1,False,False,0.15679234,0.08506493565904874,1144,527,C-D,1-3
S11,S11-C-3.bmp,S11-D-2.bmp,C,D,3,2,False,False,0.27721158,0.1609086610691393,1144,1309,C-D,2-3
S11,S11-C-3.bmp,S11-D-3.bmp,C,D,3,3,False,True,0.4799045,0.31570680664099116,1144,1369,C-D,3-3
S11,S11-D-1.bmp,S11-D-2.bmp,D,D,1,2,True,False,0.09477124,0.04974271066338324,527,1309,D-D,1-2
S11,S11-D-1.bmp,S11-D-3.bmp,D,D,1,3,True,False,0.2542194,0.1456193358636741,527,1369,D-D,1-3
S11,S11-D-2.bmp,S11-D-3.bmp,D,D,2,3,True,False,0.3129201,0.18548030137871613,1309,1369,D-D,2-3
